[{"image":"https:\/\/image.tmdb.org\/t\/p\/w600_and_h900_bestv2\/npOnzAbLh6VOIu3naU5QaEcTepo.jpg","original_title":"天空の城ラピュタ","director":"Hayao Miyazaki","description":"The orphan Sheeta inherited a mysterious crystal that links her to the mythical sky-kingdom of Laputa. With the help of resourceful Pazu and a rollicking band of sky pirates, she makes her way to the ruins of the once-great civilization. Sheeta and Pazu must outwit the evil Muska, who plans to use Laputa's science to make himself ruler of the world.","vehicles":["https:\/\/ghibliapi.herokuapp.com\/vehicles\/4e09b023-f650-4747-9ab9-eacf14540cfb"],"title":"Castle in the Sky","rt_score":"95","people":["https:\/\/ghibliapi.herokuapp.com\/people\/598f7048-74ff-41e0-92ef-87dc1ad980a9","https:\/\/ghibliapi.herokuapp.com\/people\/fe93adf2-2f3a-4ec4-9f68-5422f1b87c01","https:\/\/ghibliapi.herokuapp.com\/people\/3bc0b41e-3569-4d20-ae73-2da329bf0786","https:\/\/ghibliapi.herokuapp.com\/people\/40c005ce-3725-4f15-8409-3e1b1b14b583","https:\/\/ghibliapi.herokuapp.com\/people\/5c83c12a-62d5-4e92-8672-33ac76ae1fa0","https:\/\/ghibliapi.herokuapp.com\/people\/e08880d0-6938-44f3-b179-81947e7873fc","https:\/\/ghibliapi.herokuapp.com\/people\/2a1dad70-802a-459d-8cc2-4ebd8821248b"],"url":"https:\/\/ghibliapi.herokuapp.com\/films\/2baf70d1-42bb-4437-b551-e5fed5a87abe","release_date":"1986","species":["https:\/\/ghibliapi.herokuapp.com\/species\/af3910a6-429f-4c74-9ad5-dfe1c4aa04f2"],"original_title_romanised":"Tenkū no shiro Rapyuta","producer":"Isao Takahata","running_time":"124","locations":["https:\/\/ghibliapi.herokuapp.com\/locations\/"],"id":"2baf70d1-42bb-4437-b551-e5fed5a87abe","movie_banner":"https:\/\/image.tmdb.org\/t\/p\/w533_and_h300_bestv2\/3cyjYtLWCBE1uvWINHFsFnE8LUK.jpg"},{"image":"https:\/\/image.tmdb.org\/t\/p\/w600_and_h900_bestv2\/qG3RYlIVpTYclR9TYIsy8p7m7AT.jpg","original_title":"火垂るの墓","director":"Isao Takahata","description":"In the latter part of World War II, a boy and his sister, orphaned when their mother is killed in the firebombing of Tokyo, are left to survive on their own in what remains of civilian life in Japan. The plot follows this boy and his sister as they do their best to survive in the Japanese countryside, battling hunger, prejudice, and pride in their own quiet, personal battle.","vehicles":["https:\/\/ghibliapi.herokuapp.com\/vehicles\/"],"title":"Grave of the Fireflies","rt_score":"97","people":["https:\/\/ghibliapi.herokuapp.com\/people\/"],"url":"https:\/\/ghibliapi.herokuapp.com\/films\/12cfb892-aac0-4c5b-94af-521852e46d6a","release_date":"1988","species":["https:\/\/ghibliapi.herokuapp.com\/species\/af3910a6-429f-4c74-9ad5-dfe1c4aa04f2"],"original_title_romanised":"Hotaru no haka","producer":"Toru Hara","running_time":"89","locations":["https:\/\/ghibliapi.herokuapp.com\/locations\/"],"id":"12cfb892-aac0-4c5b-94af-521852e46d6a","movie_banner":"https:\/\/image.tmdb.org\/t\/p\/original\/vkZSd0Lp8iCVBGpFH9L7LzLusjS.jpg"},{"image":"https:\/\/image.tmdb.org\/t\/p\/w600_and_h900_bestv2\/rtGDOeG9LzoerkDGZF9dnVeLppL.jpg","original_title":"となりのトトロ","director":"Hayao Miyazaki","description":"Two sisters move to the country with their father in order to be closer to their hospitalized mother, and discover the surrounding trees are inhabited by Totoros, magical spirits of the forest. When the youngest runs away from home, the older sister seeks help from the spirits to find her.","vehicles":["https:\/\/ghibliapi.herokuapp.com\/vehicles\/"],"title":"My Neighbor Totoro","rt_score":"93","people":["https:\/\/ghibliapi.herokuapp.com\/people\/986faac6-67e3-4fb8-a9ee-bad077c2e7fe","https:\/\/ghibliapi.herokuapp.com\/people\/d5df3c04-f355-4038-833c-83bd3502b6b9","https:\/\/ghibliapi.herokuapp.com\/people\/3031caa8-eb1a-41c6-ab93-dd091b541e11","https:\/\/ghibliapi.herokuapp.com\/people\/87b68b97-3774-495b-bf80-495a5f3e672d","https:\/\/ghibliapi.herokuapp.com\/people\/d39deecb-2bd0-4770-8b45-485f26e1381f","https:\/\/ghibliapi.herokuapp.com\/people\/591524bc-04fe-4e60-8d61-2425e42ffb2a","https:\/\/ghibliapi.herokuapp.com\/people\/c491755a-407d-4d6e-b58a-240ec78b5061","https:\/\/ghibliapi.herokuapp.com\/people\/f467e18e-3694-409f-bdb3-be891ade1106","https:\/\/ghibliapi.herokuapp.com\/people\/08ffbce4-7f94-476a-95bc-76d3c3969c19","https:\/\/ghibliapi.herokuapp.com\/people\/0f8ef701-b4c7-4f15-bd15-368c7fe38d0a"],"url":"https:\/\/ghibliapi.herokuapp.com\/films\/58611129-2dbc-4a81-a72f-77ddfc1b1b49","release_date":"1988","species":["https:\/\/ghibliapi.herokuapp.com\/species\/af3910a6-429f-4c74-9ad5-dfe1c4aa04f2","https:\/\/ghibliapi.herokuapp.com\/species\/603428ba-8a86-4b0b-a9f1-65df6abef3d3","https:\/\/ghibliapi.herokuapp.com\/species\/74b7f547-1577-4430-806c-c358c8b6bcf5"],"original_title_romanised":"Tonari no Totoro","producer":"Hayao Miyazaki","running_time":"86","locations":["https:\/\/ghibliapi.herokuapp.com\/locations\/"],"id":"58611129-2dbc-4a81-a72f-77ddfc1b1b49","movie_banner":"https:\/\/image.tmdb.org\/t\/p\/original\/etqr6fOOCXQOgwrQXaKwenTSuzx.jpg"},{"image":"https:\/\/image.tmdb.org\/t\/p\/w600_and_h900_bestv2\/7nO5DUMnGUuXrA4r2h6ESOKQRrx.jpg","original_title":"魔女の宅急便","director":"Hayao Miyazaki","description":"A young witch, on her mandatory year of independent life, finds fitting into a new community difficult while she supports herself by running an air courier service.","vehicles":["https:\/\/ghibliapi.herokuapp.com\/vehicles\/"],"title":"Kiki's Delivery Service","rt_score":"96","people":["https:\/\/ghibliapi.herokuapp.com\/people\/2409052a-9029-4e8d-bfaf-70fd82c8e48d","https:\/\/ghibliapi.herokuapp.com\/people\/7151abc6-1a9e-4e6a-9711-ddb50ea572ec","https:\/\/ghibliapi.herokuapp.com\/people\/1c1a8054-3a34-4185-bfcf-e8011506f09a","https:\/\/ghibliapi.herokuapp.com\/people\/bc838920-7849-43ea-bfb8-7d5e98dc20b6","https:\/\/ghibliapi.herokuapp.com\/people\/33f5fea9-c21b-490b-90e0-c4051c372826","https:\/\/ghibliapi.herokuapp.com\/people\/d1de1c0e-3fcd-4cef-94eb-bb95cc2314aa"],"url":"https:\/\/ghibliapi.herokuapp.com\/films\/ea660b10-85c4-4ae3-8a5f-41cea3648e3e","release_date":"1989","species":["https:\/\/ghibliapi.herokuapp.com\/species\/af3910a6-429f-4c74-9ad5-dfe1c4aa04f2","https:\/\/ghibliapi.herokuapp.com\/species\/603428ba-8a86-4b0b-a9f1-65df6abef3d3"],"original_title_romanised":"Majo no takkyūbin","producer":"Hayao Miyazaki","running_time":"102","locations":["https:\/\/ghibliapi.herokuapp.com\/locations\/"],"id":"ea660b10-85c4-4ae3-8a5f-41cea3648e3e","movie_banner":"https:\/\/image.tmdb.org\/t\/p\/original\/h5pAEVma835u8xoE60kmLVopLct.jpg"},{"image":"https:\/\/image.tmdb.org\/t\/p\/w600_and_h900_bestv2\/xjJU6rwzLX7Jk8HFQfVW6H5guMC.jpg","original_title":"おもひでぽろぽろ","director":"Isao Takahata","description":"It\u2019s 1982, and Taeko is 27 years old, unmarried, and has lived her whole life in Tokyo. She decides to visit her family in the countryside, and as the train travels through the night, memories flood back of her younger years: the first immature stirrings of romance, the onset of puberty, and the frustrations of math and boys. At the station she is met by young farmer Toshio, and the encounters with him begin to reconnect her to forgotten longings. In lyrical switches between the present and the past, Taeko contemplates the arc of her life, and wonders if she has been true to the dreams of her childhood self.","vehicles":["https:\/\/ghibliapi.herokuapp.com\/vehicles\/"],"title":"Only Yesterday","rt_score":"100","people":["https:\/\/ghibliapi.herokuapp.com\/people\/"],"url":"https:\/\/ghibliapi.herokuapp.com\/films\/4e236f34-b981-41c3-8c65-f8c9000b94e7","release_date":"1991","species":["https:\/\/ghibliapi.herokuapp.com\/species\/af3910a6-429f-4c74-9ad5-dfe1c4aa04f2"],"original_title_romanised":"Omoide poro poro","producer":"Toshio Suzuki","running_time":"118","locations":["https:\/\/ghibliapi.herokuapp.com\/locations\/"],"id":"4e236f34-b981-41c3-8c65-f8c9000b94e7","movie_banner":"https:\/\/image.tmdb.org\/t\/p\/w533_and_h300_bestv2\/isCrlWWI4JrdLKAUAwFb5cjAsH4.jpg"},{"image":"https:\/\/image.tmdb.org\/t\/p\/w600_and_h900_bestv2\/byKAndF6KQSDpGxp1mTr23jPbYp.jpg","original_title":"紅の豚","director":"Hayao Miyazaki","description":"Porco Rosso, known in Japan as Crimson Pig (Kurenai no Buta) is the sixth animated film by Hayao Miyazaki and released in 1992. You're introduced to an Italian World War I fighter ace, now living as a freelance bounty hunter chasing 'air pirates' in the Adriatic Sea. He has been given a curse that changed his head to that of a pig. Once called Marco Pagot, he is now known to the world as 'Porco Rosso', Italian for 'Red Pig.'","vehicles":["https:\/\/ghibliapi.herokuapp.com\/vehicles\/"],"title":"Porco Rosso","rt_score":"94","people":["https:\/\/ghibliapi.herokuapp.com\/people\/"],"url":"https:\/\/ghibliapi.herokuapp.com\/films\/ebbb6b7c-945c-41ee-a792-de0e43191bd8","release_date":"1992","species":["https:\/\/ghibliapi.herokuapp.com\/species\/af3910a6-429f-4c74-9ad5-dfe1c4aa04f2"],"original_title_romanised":"Kurenai no buta","producer":"Toshio Suzuki","running_time":"93","locations":["https:\/\/ghibliapi.herokuapp.com\/locations\/"],"id":"ebbb6b7c-945c-41ee-a792-de0e43191bd8","movie_banner":"https:\/\/image.tmdb.org\/t\/p\/original\/nAeCzilMRXvGaxiCpv63ZRVRVgh.jpg"},{"image":"https:\/\/image.tmdb.org\/t\/p\/w600_and_h900_bestv2\/kowo9E1e1JcWLXj9cCvAOFZcy5n.jpg","original_title":"平成狸合戦ぽんぽこ","director":"Isao Takahata","description":"As the human city development encroaches on the raccoon population's forest and meadow habitat, the raccoons find themselves faced with the very real possibility of extinction. In response, the raccoons engage in a desperate struggle to stop the construction and preserve their home.","vehicles":["https:\/\/ghibliapi.herokuapp.com\/vehicles\/"],"title":"Pom Poko","rt_score":"78","people":["https:\/\/ghibliapi.herokuapp.com\/people\/"],"url":"https:\/\/ghibliapi.herokuapp.com\/films\/1b67aa9a-2e4a-45af-ac98-64d6ad15b16c","release_date":"1994","species":["https:\/\/ghibliapi.herokuapp.com\/species\/af3910a6-429f-4c74-9ad5-dfe1c4aa04f2"],"original_title_romanised":"Heisei tanuki gassen Ponpoko","producer":"Toshio Suzuki","running_time":"119","locations":["https:\/\/ghibliapi.herokuapp.com\/locations\/"],"id":"1b67aa9a-2e4a-45af-ac98-64d6ad15b16c","movie_banner":"https:\/\/image.tmdb.org\/t\/p\/original\/jScPd0u0jeo66l8gwDl7W9hDUnM.jpg"},{"image":"https:\/\/image.tmdb.org\/t\/p\/w600_and_h900_bestv2\/5E3Hvbu0bg38ouYf6chGftVGqZ7.jpg","original_title":"耳をすませば","director":"Yoshifumi Kondō","description":"Shizuku lives a simple life, dominated by her love for stories and writing. One day she notices that all the library books she has have been previously checked out by the same person: 'Seiji Amasawa'. Curious as to who he is, Shizuku meets a boy her age whom she finds infuriating, but discovers to her shock that he is her 'Prince of Books'. As she grows closer to him, she realises that he merely read all those books to bring himself closer to her. The boy Seiji aspires to be a violin maker in Italy, and it is his dreams that make Shizuku realise that she has no clear path for her life. Knowing that her strength lies in writing, she tests her talents by writing a story about Baron, a cat statuette belonging to Seiji's grandfather.","vehicles":["https:\/\/ghibliapi.herokuapp.com\/vehicles\/"],"title":"Whisper of the Heart","rt_score":"91","people":["https:\/\/ghibliapi.herokuapp.com\/people\/"],"url":"https:\/\/ghibliapi.herokuapp.com\/films\/ff24da26-a969-4f0e-ba1e-a122ead6c6e3","release_date":"1995","species":["https:\/\/ghibliapi.herokuapp.com\/species\/af3910a6-429f-4c74-9ad5-dfe1c4aa04f2"],"original_title_romanised":"Mimi wo sumaseba","producer":"Toshio Suzuki","running_time":"111","locations":["https:\/\/ghibliapi.herokuapp.com\/locations\/"],"id":"ff24da26-a969-4f0e-ba1e-a122ead6c6e3","movie_banner":"https:\/\/image.tmdb.org\/t\/p\/original\/fRtaDgmj0CirvqFUG1XN48BDY1l.jpg"},{"image":"https:\/\/image.tmdb.org\/t\/p\/w600_and_h900_bestv2\/jHWmNr7m544fJ8eItsfNk8fs2Ed.jpg","original_title":"もののけ姫","director":"Hayao Miyazaki","description":"Ashitaka, a prince of the disappearing Ainu tribe, is cursed by a demonized boar god and must journey to the west to find a cure. Along the way, he encounters San, a young human woman fighting to protect the forest, and Lady Eboshi, who is trying to destroy it. Ashitaka must find a way to bring balance to this conflict.","vehicles":["https:\/\/ghibliapi.herokuapp.com\/vehicles\/"],"title":"Princess Mononoke","rt_score":"92","people":["https:\/\/ghibliapi.herokuapp.com\/people\/ba924631-068e-4436-b6de-f3283fa848f0","https:\/\/ghibliapi.herokuapp.com\/people\/ebe40383-aad2-4208-90ab-698f00c581ab","https:\/\/ghibliapi.herokuapp.com\/people\/030555b3-4c92-4fce-93fb-e70c3ae3df8b","https:\/\/ghibliapi.herokuapp.com\/people\/ca568e87-4ce2-4afa-a6c5-51f4ae80a60b","https:\/\/ghibliapi.herokuapp.com\/people\/e9356bb5-4d4a-4c93-aadc-c83e514bffe3","https:\/\/ghibliapi.herokuapp.com\/people\/34277bec-7401-43fa-a00a-5aee64b45b08","https:\/\/ghibliapi.herokuapp.com\/people\/91939012-90b9-46e5-a649-96b898073c82","https:\/\/ghibliapi.herokuapp.com\/people\/20e3bd33-b35d-41e6-83a4-57ca7f028d38","https:\/\/ghibliapi.herokuapp.com\/people\/8bccdc78-545b-49f4-a4c8-756163a38c91","https:\/\/ghibliapi.herokuapp.com\/people\/116bfe1b-3ba8-4fa0-8f72-88537a493cb9"],"url":"https:\/\/ghibliapi.herokuapp.com\/films\/0440483e-ca0e-4120-8c50-4c8cd9b965d6","release_date":"1997","species":["https:\/\/ghibliapi.herokuapp.com\/species\/af3910a6-429f-4c74-9ad5-dfe1c4aa04f2","https:\/\/ghibliapi.herokuapp.com\/species\/6bc92fdd-b0f4-4286-ad71-1f99fb4a0d1e","https:\/\/ghibliapi.herokuapp.com\/species\/f25fa661-3073-414d-968a-ab062e3065f7"],"original_title_romanised":"Mononoke hime","producer":"Toshio Suzuki","running_time":"134","locations":["https:\/\/ghibliapi.herokuapp.com\/locations\/"],"id":"0440483e-ca0e-4120-8c50-4c8cd9b965d6","movie_banner":"https:\/\/image.tmdb.org\/t\/p\/original\/6pTqSq0zYIWCsucJys8q5L92kUY.jpg"},{"image":"https:\/\/image.tmdb.org\/t\/p\/w600_and_h900_bestv2\/wTGuHmMIBBgKakY80J1D52VvQKI.jpg","original_title":"ホーホケキョ となりの山田くん","director":"Isao Takahata","description":"The Yamadas are a typical middle class Japanese family in urban Tokyo and this film shows us a variety of episodes of their lives. With tales that range from the humourous to the heartbreaking, we see this family cope with life's little conflicts, problems and joys in their own way.","vehicles":["https:\/\/ghibliapi.herokuapp.com\/vehicles\/"],"title":"My Neighbors the Yamadas","rt_score":"75","people":["https:\/\/ghibliapi.herokuapp.com\/people\/"],"url":"https:\/\/ghibliapi.herokuapp.com\/films\/45204234-adfd-45cb-a505-a8e7a676b114","release_date":"1999","species":["https:\/\/ghibliapi.herokuapp.com\/species\/af3910a6-429f-4c74-9ad5-dfe1c4aa04f2"],"original_title_romanised":"Hōhokekyo tonari no Yamada-kun","producer":"Toshio Suzuki","running_time":"104","locations":["https:\/\/ghibliapi.herokuapp.com\/locations\/"],"id":"45204234-adfd-45cb-a505-a8e7a676b114","movie_banner":"https:\/\/image.tmdb.org\/t\/p\/original\/nDOsicEg4RHDq0t23JKGSb58z6u.jpg"},{"image":"https:\/\/image.tmdb.org\/t\/p\/w600_and_h900_bestv2\/39wmItIWsg5sZMyRUHLkWBcuVCM.jpg","original_title":"千と千尋の神隠し","director":"Hayao Miyazaki","description":"Spirited Away is an Oscar winning Japanese animated film about a ten year old girl who wanders away from her parents along a path that leads to a world ruled by strange and unusual monster-like animals. Her parents have been changed into pigs along with others inside a bathhouse full of these creatures. Will she ever see the world how it once was?","vehicles":["https:\/\/ghibliapi.herokuapp.com\/vehicles\/"],"title":"Spirited Away","rt_score":"97","people":["https:\/\/ghibliapi.herokuapp.com\/people\/8228751c-bdc1-4b8d-a6eb-ca0eb909568f"],"url":"https:\/\/ghibliapi.herokuapp.com\/films\/dc2e6bd1-8156-4886-adff-b39e6043af0c","release_date":"2001","species":["https:\/\/ghibliapi.herokuapp.com\/species\/af3910a6-429f-4c74-9ad5-dfe1c4aa04f2"],"original_title_romanised":"Sen to Chihiro no kamikakushi","producer":"Toshio Suzuki","running_time":"124","locations":["https:\/\/ghibliapi.herokuapp.com\/locations\/"],"id":"dc2e6bd1-8156-4886-adff-b39e6043af0c","movie_banner":"https:\/\/image.tmdb.org\/t\/p\/original\/bSXfU4dwZyBA1vMmXvejdRXBvuF.jpg"},{"image":"https:\/\/image.tmdb.org\/t\/p\/w600_and_h900_bestv2\/avPMO5cnaGHgLaNiAIhy33WoQLm.jpg","original_title":"猫の恩返し","director":"Hiroyuki Morita","description":"Haru, a schoolgirl bored by her ordinary routine, saves the life of an unusual cat and suddenly her world is transformed beyond anything she ever imagined. The Cat King rewards her good deed with a flurry of presents, including a very shocking proposal of marriage to his son! Haru embarks on an unexpected journey to the Kingdom of Cats where her eyes are opened to a whole other world.","vehicles":["https:\/\/ghibliapi.herokuapp.com\/vehicles\/"],"title":"The Cat Returns","rt_score":"89","people":["https:\/\/ghibliapi.herokuapp.com\/people\/"],"url":"https:\/\/ghibliapi.herokuapp.com\/films\/90b72513-afd4-4570-84de-a56c312fdf81","release_date":"2002","species":["https:\/\/ghibliapi.herokuapp.com\/species\/af3910a6-429f-4c74-9ad5-dfe1c4aa04f2"],"original_title_romanised":"Neko no ongaeshi","producer":"Toshio Suzuki","running_time":"75","locations":["https:\/\/ghibliapi.herokuapp.com\/locations\/"],"id":"90b72513-afd4-4570-84de-a56c312fdf81","movie_banner":"https:\/\/image.tmdb.org\/t\/p\/original\/d4BTZvckFTthyhGX27LZnWxl0tl.jpg"},{"image":"https:\/\/image.tmdb.org\/t\/p\/w600_and_h900_bestv2\/TkTPELv4kC3u1lkloush8skOjE.jpg","original_title":"ハウルの動く城","director":"Hayao Miyazaki","description":"When Sophie, a shy young woman, is cursed with an old body by a spiteful witch, her only chance of breaking the spell lies with a self-indulgent yet insecure young wizard and his companions in his legged, walking home.","vehicles":["https:\/\/ghibliapi.herokuapp.com\/vehicles\/"],"title":"Howl's Moving Castle","rt_score":"87","people":["https:\/\/ghibliapi.herokuapp.com\/people\/"],"url":"https:\/\/ghibliapi.herokuapp.com\/films\/cd3d059c-09f4-4ff3-8d63-bc765a5184fa","release_date":"2004","species":["https:\/\/ghibliapi.herokuapp.com\/species\/af3910a6-429f-4c74-9ad5-dfe1c4aa04f2"],"original_title_romanised":"Hauru no ugoku shiro","producer":"Toshio Suzuki","running_time":"119","locations":["https:\/\/ghibliapi.herokuapp.com\/locations\/"],"id":"cd3d059c-09f4-4ff3-8d63-bc765a5184fa","movie_banner":"https:\/\/image.tmdb.org\/t\/p\/original\/hjlvbMKhQm7N8tYynr8yQ8GBmqe.jpg"},{"image":"https:\/\/image.tmdb.org\/t\/p\/w600_and_h900_bestv2\/67yYwCPq7NbxSF6BIIXCMD34sY0.jpg","original_title":"ゲド戦記","director":"Gorō Miyazaki","description":"Something bizarre has come over the land. The kingdom is deteriorating. People are beginning to act strange... What's even more strange is that people are beginning to see dragons, which shouldn't enter the world of humans. Due to all these bizarre events, Ged, a wandering wizard, is investigating the cause. During his journey, he meets Prince Arren, a young distraught teenage boy. While Arren may look like a shy young teen, he has a severe dark side, which grants him strength, hatred, ruthlessness and has no mercy, especially when it comes to protecting Teru. For the witch Kumo this is a perfect opportunity. She can use the boy's 'fears' against the very one who would help him, Ged.","vehicles":["https:\/\/ghibliapi.herokuapp.com\/vehicles\/"],"title":"Tales from Earthsea","rt_score":"41","people":["https:\/\/ghibliapi.herokuapp.com\/people\/"],"url":"https:\/\/ghibliapi.herokuapp.com\/films\/112c1e67-726f-40b1-ac17-6974127bb9b9","release_date":"2006","species":["https:\/\/ghibliapi.herokuapp.com\/species\/af3910a6-429f-4c74-9ad5-dfe1c4aa04f2"],"original_title_romanised":"Gedo senki","producer":"Toshio Suzuki","running_time":"116","locations":["https:\/\/ghibliapi.herokuapp.com\/locations\/"],"id":"112c1e67-726f-40b1-ac17-6974127bb9b9","movie_banner":"https:\/\/image.tmdb.org\/t\/p\/original\/j276noIGGmfi66EnCfewsL2OVTX.jpg"},{"image":"https:\/\/image.tmdb.org\/t\/p\/w600_and_h900_bestv2\/mikKSEdk5kLhflWXbp4S5mmHsDo.jpg","original_title":"崖の上のポニョ","director":"Hayao Miyazaki","description":"The son of a sailor, 5-year old Sosuke lives a quiet life on an oceanside cliff with his mother Lisa. One fateful day, he finds a beautiful goldfish trapped in a bottle on the beach and upon rescuing her, names her Ponyo. But she is no ordinary goldfish. The daughter of a masterful wizard and a sea goddess, Ponyo uses her father's magic to transform herself into a young girl and quickly falls in love with Sosuke, but the use of such powerful sorcery causes a dangerous imbalance in the world. As the moon steadily draws nearer to the earth and Ponyo's father sends the ocean's mighty waves to find his daughter, the two children embark on an adventure of a lifetime to save the world and fulfill Ponyo's dreams of becoming human.","vehicles":["https:\/\/ghibliapi.herokuapp.com\/vehicles\/"],"title":"Ponyo","rt_score":"92","people":["https:\/\/ghibliapi.herokuapp.com\/people\/"],"url":"https:\/\/ghibliapi.herokuapp.com\/films\/758bf02e-3122-46e0-884e-67cf83df1786","release_date":"2008","species":["https:\/\/ghibliapi.herokuapp.com\/species\/af3910a6-429f-4c74-9ad5-dfe1c4aa04f2"],"original_title_romanised":"Gake no ue no Ponyo","producer":"Toshio Suzuki","running_time":"100","locations":["https:\/\/ghibliapi.herokuapp.com\/locations\/"],"id":"758bf02e-3122-46e0-884e-67cf83df1786","movie_banner":"https:\/\/image.tmdb.org\/t\/p\/original\/6a1qZ1qat26mAIK3Lq8iYdGpyHm.jpg"},{"image":"https:\/\/image.tmdb.org\/t\/p\/w600_and_h900_bestv2\/oc2OB2KDmSRDMelKEAA1n4YRQL0.jpg","original_title":"借りぐらしのアリエッティ","director":"Hiromasa Yonebayashi","description":"14-year-old Arrietty and the rest of the Clock family live in peaceful anonymity as they make their own home from items 'borrowed' from the house's human inhabitants. However, life changes for the Clocks when a human boy discovers Arrietty.","vehicles":["https:\/\/ghibliapi.herokuapp.com\/vehicles\/"],"title":"Arrietty","rt_score":"95","people":["https:\/\/ghibliapi.herokuapp.com\/people\/"],"url":"https:\/\/ghibliapi.herokuapp.com\/films\/2de9426b-914a-4a06-a3a0-5e6d9d3886f6","release_date":"2010","species":["https:\/\/ghibliapi.herokuapp.com\/species\/af3910a6-429f-4c74-9ad5-dfe1c4aa04f2"],"original_title_romanised":"Karigurashi no Arietti","producer":"Toshio Suzuki","running_time":"94","locations":["https:\/\/ghibliapi.herokuapp.com\/locations\/"],"id":"2de9426b-914a-4a06-a3a0-5e6d9d3886f6","movie_banner":"https:\/\/image.tmdb.org\/t\/p\/original\/7Z7WVzJsSReG8B0CaPk0bvWD7tK.jpg"},{"image":"https:\/\/image.tmdb.org\/t\/p\/w600_and_h900_bestv2\/rRLYX4RZIyloHSJwvZKAhphAjiB.jpg","original_title":"コクリコ坂から","director":"Gorō Miyazaki","description":"The story is set in 1963 in Yokohama. Kokuriko Manor sits on a hill overlooking the harbour. A 16 year-old girl, Umi, lives in that house. Every morning she raises a signal flag facing the sea. The flag means \u201CI pray for safe voyages\u201D. A 17 year-old boy, Shun, always sees this flag from the sea as he rides a tugboat to school. Gradually the pair are drawn to each other but they are faced with a sudden trial. Even so, they keep going without running from facing the hardships of reality.","vehicles":["https:\/\/ghibliapi.herokuapp.com\/vehicles\/"],"title":"From Up on Poppy Hill","rt_score":"83","people":["https:\/\/ghibliapi.herokuapp.com\/people\/"],"url":"https:\/\/ghibliapi.herokuapp.com\/films\/45db04e4-304a-4933-9823-33f389e8d74d","release_date":"2011","species":["https:\/\/ghibliapi.herokuapp.com\/species\/af3910a6-429f-4c74-9ad5-dfe1c4aa04f2"],"original_title_romanised":"Kokuriko zaka kara","producer":"Toshio Suzuki","running_time":"91","locations":["https:\/\/ghibliapi.herokuapp.com\/locations\/"],"id":"45db04e4-304a-4933-9823-33f389e8d74d","movie_banner":"https:\/\/image.tmdb.org\/t\/p\/original\/xtPBZYaWQMQxRpy7mkdk5n1bTxs.jpg"},{"image":"https:\/\/image.tmdb.org\/t\/p\/w600_and_h900_bestv2\/jfwSexzlIzaOgxP9A8bTA6t8YYb.jpg","original_title":"風立ちぬ","director":"Hayao Miyazaki","description":"A lifelong love of flight inspires Japanese aviation engineer Jiro Horikoshi, whose storied career includes the creation of the A-6M World War II fighter plane.","vehicles":["https:\/\/ghibliapi.herokuapp.com\/vehicles\/"],"title":"The Wind Rises","rt_score":"89","people":["https:\/\/ghibliapi.herokuapp.com\/people\/"],"url":"https:\/\/ghibliapi.herokuapp.com\/films\/67405111-37a5-438f-81cc-4666af60c800","release_date":"2013","species":["https:\/\/ghibliapi.herokuapp.com\/species\/af3910a6-429f-4c74-9ad5-dfe1c4aa04f2"],"original_title_romanised":"Kaze tachinu","producer":"Toshio Suzuki","running_time":"126","locations":["https:\/\/ghibliapi.herokuapp.com\/locations\/"],"id":"67405111-37a5-438f-81cc-4666af60c800","movie_banner":"https:\/\/image.tmdb.org\/t\/p\/original\/stM3jlD4nSJhlvR2DE7XnB0eN25.jpg"},{"image":"https:\/\/image.tmdb.org\/t\/p\/w600_and_h900_bestv2\/mWRQNlWXYYfd2z4FRm99MsgHgiA.jpg","original_title":"かぐや姫の物語","director":"Isao Takahata","description":"A bamboo cutter named Sanuki no Miyatsuko discovers a miniature girl inside a glowing bamboo shoot. Believing her to be a divine presence, he and his wife decide to raise her as their own, calling her 'Princess'.","vehicles":["https:\/\/ghibliapi.herokuapp.com\/vehicles\/"],"title":"The Tale of the Princess Kaguya","rt_score":"100","people":["https:\/\/ghibliapi.herokuapp.com\/people\/"],"url":"https:\/\/ghibliapi.herokuapp.com\/films\/578ae244-7750-4d9f-867b-f3cd3d6fecf4","release_date":"2013","species":["https:\/\/ghibliapi.herokuapp.com\/species\/af3910a6-429f-4c74-9ad5-dfe1c4aa04f2"],"original_title_romanised":"Kaguya-Hime no Monogatari","producer":"Yoshiaki Nishimura","running_time":"137","locations":["https:\/\/ghibliapi.herokuapp.com\/locations\/"],"id":"578ae244-7750-4d9f-867b-f3cd3d6fecf4","movie_banner":"https:\/\/image.tmdb.org\/t\/p\/original\/lMaWlYThCSnsmW3usxWTpSuyZp1.jpg"},{"image":"https:\/\/image.tmdb.org\/t\/p\/w600_and_h900_bestv2\/vug1dvDI1tSa60Z8qjCuUE7ntkO.jpg","original_title":"思い出のマーニー","director":"Hiromasa Yonebayashi","description":"The film follows Anna Sasaki living with her relatives in the seaside town. Anna comes across a nearby abandoned mansion, where she meets Marnie, a mysterious girl who asks her to promise to keep their secrets from everyone. As the summer progresses, Anna spends more time with Marnie, and eventually Anna learns the truth about her family and foster care.","vehicles":["https:\/\/ghibliapi.herokuapp.com\/vehicles\/"],"title":"When Marnie Was There","rt_score":"92","people":["https:\/\/ghibliapi.herokuapp.com\/people\/"],"url":"https:\/\/ghibliapi.herokuapp.com\/films\/5fdfb320-2a02-49a7-94ff-5ca418cae602","release_date":"2014","species":["https:\/\/ghibliapi.herokuapp.com\/species\/af3910a6-429f-4c74-9ad5-dfe1c4aa04f2"],"original_title_romanised":"Omoide no Marnie","producer":"Yoshiaki Nishimura","running_time":"103","locations":["https:\/\/ghibliapi.herokuapp.com\/locations\/"],"id":"5fdfb320-2a02-49a7-94ff-5ca418cae602","movie_banner":"https:\/\/image.tmdb.org\/t\/p\/original\/axUX7urQDwCGQ9qbgh2Yys7qY9J.jpg"},{"image":"https:\/\/image.tmdb.org\/t\/p\/w600_and_h900_bestv2\/wOBU3SLjQ9358Km9YWYasPZyebp.jpg","original_title":"レッドタートル ある島の物語","director":"Michaël Dudok de Wit","description":"A man set adrift by a storm wakes up on a beach. He discovers that he is on a deserted island with plenty of fresh water, fruit and a dense bamboo forest. He builds a raft from bamboo and attempts to sail away, but his raft is destroyed by an unseen monster in the sea, forcing him back to the island. He tries again with another, larger raft, but is again foiled by the creature. A third attempt again ends with the raft destroyed, but this time he is confronted by a giant red turtle, which stares at him, and forces him back to the island.","vehicles":["https:\/\/ghibliapi.herokuapp.com\/vehicles\/"],"title":"The Red Turtle","rt_score":"93","people":["https:\/\/ghibliapi.herokuapp.com\/people\/"],"url":"https:\/\/ghibliapi.herokuapp.com\/films\/d868e6ec-c44a-405b-8fa6-f7f0f8cfb500","release_date":"2016","species":["https:\/\/ghibliapi.herokuapp.com\/species\/"],"original_title_romanised":"Reddotātoru aru shima no monogatari","producer":"Toshio Suzuki, Isao Takahata, Vincent Maraval, Pascal Caucheteux, Grégoire Sorlat","running_time":"80","locations":["https:\/\/ghibliapi.herokuapp.com\/locations\/"],"id":"d868e6ec-c44a-405b-8fa6-f7f0f8cfb500","movie_banner":"https:\/\/image.tmdb.org\/t\/p\/original\/kjXdW5H3myRBmTMYgKayjphr2FA.jpg"},{"image":"https:\/\/www.themoviedb.org\/t\/p\/w600_and_h900_bestv2\/sJhFtY3eHuvvACaPpxpzdCLQqpQ.jpg","original_title":"アーヤと魔女","director":"Gorō Miyazaki","description":"An orphan girl, Earwig, is adopted by a witch and comes home to a spooky house filled with mystery and magic.","vehicles":["https:\/\/ghibliapi.herokuapp.com\/vehicles\/"],"title":"Earwig and the Witch","rt_score":"30","people":["https:\/\/ghibliapi.herokuapp.com\/people\/"],"url":"https:\/\/ghibliapi.herokuapp.com\/films\/790e0028-a31c-4626-a694-86b7a8cada40","release_date":"2021","species":["https:\/\/ghibliapi.herokuapp.com\/species\/"],"original_title_romanised":"Āya to Majo","producer":"Toshio Suzuki","running_time":"82","locations":["https:\/\/ghibliapi.herokuapp.com\/locations\/"],"id":"790e0028-a31c-4626-a694-86b7a8cada40","movie_banner":"https:\/\/www.themoviedb.org\/t\/p\/original\/qMxpGzmmnY1jLd4p7EhhoW43wWF.jpg"}]